<?xml version="1.0" encoding="UTF-8"?>
<beans xmlns="http://www.springframework.org/schema/beans"
	xmlns:xsi="http://www.w3.org/2001/XMLSchema-instance"
	xmlns:mvc="http://www.springframework.org/schema/mvc"
	xmlns:p="http://www.springframework.org/schema/p"
	xmlns:context="http://www.springframework.org/schema/context"
	xsi:schemaLocation="http://www.springframework.org/schema/mvc http://www.springframework.org/schema/mvc/spring-mvc.xsd
    http://www.springframework.org/schema/beans http://www.springframework.org/schema/beans/spring-beans.xsd
    http://www.springframework.org/schema/context http://www.springframework.org/schema/context/spring-context.xsd">

	<!-- Load configuration setting values from properties file -->
	<!-- <bean id="appConfigProperties" class="org.springframework.beans.factory.config.PropertyPlaceholderConfigurer"> 
		<property name="locations"> <list> <value>classpath:/properties/application.cfg.properties</value> 
		<value>classpath:/properties/database.cfg.properties</value> </list> </property> 
		</bean> -->

	<!-- Hibenrate Configuration -->
	<import resource="classpath*:/config/hibernate-cfg.xml" />

	<!-- Component auto scan -->
	<context:component-scan
		base-package="vn.fpt.restaurant.manager.controller" />
	<context:component-scan
		base-package="vn.fpt.restaurant.manager.dao" />
	<context:component-scan
		base-package="vn.fpt.restaurant.manager.service" />

	<!-- Enables the Spring MVC @Controller programming model -->
	<mvc:annotation-driven>
		<mvc:message-converters>
			<bean
				class="org.springframework.http.converter.StringHttpMessageConverter" />
			<bean
				class="org.springframework.http.converter.ResourceHttpMessageConverter" />
			<bean
				class="org.springframework.http.converter.json.MappingJackson2HttpMessageConverter">
				<property name="objectMapper">
					<bean
						class="org.springframework.http.converter.json.Jackson2ObjectMapperFactoryBean"
						p:indentOutput="true"
						p:simpleDateFormat="yyyy-MM-dd'T'HH:mm:ss.SSSZ">
					</bean>
				</property>
			</bean>
		</mvc:message-converters>
	</mvc:annotation-driven>

	<!--Config views & resources -->
	<bean id="viewResolver" p:prefix="/WEB-INF/views/" p:suffix=".jsp"
		class="org.springframework.web.servlet.view.InternalResourceViewResolver" />
	<mvc:resources mapping="/assets/**"
		location="/WEB-INF/assets/" />

	<mvc:resources mapping="/upload/**"
		location="/WEB-INF/upload/" />

	<bean id="messageSource"
		class="org.springframework.context.support.ReloadableResourceBundleMessageSource"
		p:basenames="/WEB-INF/i18n/messages" p:defaultEncoding="UTF-8" />

	<mvc:interceptors>
		<bean
			class="org.springframework.web.servlet.i18n.LocaleChangeInterceptor"
			p:paramName="lang" />
	</mvc:interceptors>

	<bean id="localeResolver"
		class="org.springframework.web.servlet.i18n.SessionLocaleResolver"
		p:defaultLocale="en" />

	<bean id="multipartResolver"
		class="org.springframework.web.multipart.commons.CommonsMultipartResolver">
		<property name="maxUploadSize" value="268435456" />
	</bean>

	<bean id="validator"
		class="org.springframework.validation.beanvalidation.LocalValidatorFactoryBean">
		<property name="validationMessageSource" ref="messageSource" />
	</bean>
</beans>