<?xml version="1.0" encoding="UTF-8"?>
<beans xmlns="http://www.springframework.org/schema/beans"
    xmlns:xsi="http://www.w3.org/2001/XMLSchema-instance"
    xmlns:tx="http://www.springframework.org/schema/tx"
    xsi:schemaLocation="http://www.springframework.org/schema/beans http://www.springframework.org/schema/beans/spring-beans.xsd
                        http://www.springframework.org/schema/tx http://www.springframework.org/schema/tx/spring-tx-4.0.xsd">

    <bean id="sessionFactory" class="org.springframework.orm.hibernate5.LocalSessionFactoryBean">
        <property name="hibernateProperties">
            <props>
                <prop key="hibernate.connection.driver_class">com.mysql.cj.jdbc.Driver</prop>
                <prop key="hibernate.connection.url">jdbc:mysql://204.246.56.78/fptrestaurant?useSSL=false</prop>
                <prop key="hibernate.connection.username">fptrestaurant</prop>
                <prop key="hibernate.connection.password">Cn15zBii-~3J</prop>         
                <prop key="hibernate.dialect">org.hibernate.dialect.MySQL5Dialect</prop>
                <prop key="hibernate.show_sql">true</prop>
                <prop key="hibernate.format_sql">true</prop>
                <prop key="hibernate.connection.useUnicode">true</prop>
                <prop key="hibernate.connection.charSet">utf8</prop>
                <prop key="hibernate.connection.characterEncoding">utf8</prop>
                <prop key="hibernate.c3p0.min_size">10</prop>
                <prop key="hibernate.c3p0.max_size">30</prop>
                <prop key="hibernate.c3p0.timeout">30</prop>
                <prop key="hibernate.c3p0.max_statements">100</prop>
                <prop key="hibernate.c3p0.idle_test_period">3000</prop>
            </props>
        </property>
        <property name="packagesToScan" value="vn.fpt.restaurant.manager.entities"></property>
    </bean>
    

    <bean id="transactionManager" class="org.springframework.orm.hibernate5.HibernateTransactionManager">
        <property name="sessionFactory" ref="sessionFactory" />
    </bean>
    <tx:annotation-driven transaction-manager="transactionManager"/>
</beans>